Александр,m
Алексей,m
Анатолий,m
Андрей,m
Антон,m
Аркадий,m
Артем,m
Борислав,m
Вадим,m
Валентин,m
Валерий,m
Василий,m
Виктор,m
Виталий,m
Владимир,m
Вячеслав,m
Геннадий,m
Георгий,m
Григорий,m
Даниил,m
Денис,m
Дмитpий,m
Евгений,m
Егор,m
Иван,m
Игорь,m
Илья,m
Кирилл,m
Лев,m
Максим,m
Михаил,m
Никита,m
Николай,m
Олег,m
Семен,m
Сергей,m
Станислав,m
Степан,m
Федор,m
Юрий,m
Александра,f
Алина,f
Алла,f
Анастасия,f
Анжела,f
Анна,f
Антонина,f
Валентина,f
Валерия,f
Вероника,f
Виктория,f
Галина,f
Дарья,f
Евгения,f
Екатерина,f
Елена,f
Елизавета,f
Карина,f
Кира,f
Клавдия,f
Кристина,f
Ксения,f
Лидия,f
Любовь,f
Людмила,f
Маргарита,f
Марина,f
Мария,f
Надежда,f
Наталья,f
Нина,f
Оксана,f
Олеся,f
Ольга,f
Полина,f
Светлана,f
Таисия,f
Тамара,f
Татьяна,f
Эвелина,f
Эльвира,f
Юлиана,f
Юлия,f
Яна,f
