Иванов,m
Смирнов,m
Кузнецов,m
Попов,m
Васильев,m
Петров,m
Соколов,m
Михайлов,m
Новиков,m
Федоров,m
Морозов,m
Волков,m
Алексеев,m
Лебедев,m
Семенов,m
Егоров,m
Павлов,m
Козлов,m
Степанов,m
Николаев,m
Орлов,m
Андреев,m
Макаров,m
Никитин,m
Захаров,m
Зайцев,m
Соловьев,m
Борисов,m
Яковлев,m
Григорьев,m
Романов,m
Воробьев,m
Сергеев,m
Кузьмин,m
Фролов,m
Александров,m
Дмитриев,m
Королев,m
Гусев,m
Киселев,m
Ильин,m
Максимов,m
Поляков,m
Сорокин,m
Виноградов,m
Ковалев,m
Белов,m
Медведев,m
Антонов,m
Тарасов,m
Жуков,m
Баранов,m
Филиппов,m
Комаров,m
Давыдов,m
Беляев,m
Герасимов,m
Богданов,m
Осипов,m
Сидоров,m
Матвеев,m
Титов,m
Марков,m
Миронов,m
Крылов,m
Куликов,m
Карпов,m
Власов,m
Мельников,m
Денисов,m
Гаврилов,m
Тихонов,m
Казаков,m
Афанасьев,m
Данилов,m
Савельев,m
Тимофеев,m
Фомин,m
Чернов,m
Абрамов,m
Мартынов,m
Ефимов,m
Федотов,m
Щербаков,m
Назаров,m
Калинин,m
Исаев,m
Чернышев,m
Быков,m
Маслов,m
Родионов,m
Коновалов,m
Лазарев,m
Воронин,m
Климов,m
Филатов,m
Пономарев,m
Голубев,m
Кудрявцев,m
Прохоров,m
Наумов,m
Потапов,m
Журавлев,m
Овчинников,m
Трофимов,m
Леонов,m
Соболев,m
Ермаков,m
Колесников,m
Гончаров,m
Емельянов,m
Никифоров,m
Грачев,m
Котов,m
Гришин,m
Ефремов,m
Архипов,m
Громов,m
Кириллов,m
Малышев,m
Панов,m
Моисеев,m
Румянцев,m
Акимов,m
Кондратьев,m
Бирюков,m
Горбунов,m
Анисимов,m
Еремин,m
Тихомиров,m
Галкин,m
Лукьянов,m
Михеев,m
Скворцов,m
Юдин,m
Белоусов,m
Нестеров,m
Симонов,m
Прокофьев,m
Харитонов,m
Князев,m
Цветков,m
Левин,m
Митрофанов,m
Воронов,m
Аксенов,m
Софронов,m
Мальцев,m
Логинов,m
Горшков,m
Савин,m
Краснов,m
Майоров,m
Демидов,m
Елисеев,m
Рыбаков,m
Сафонов,m
Плотников,m
Демин,m
Хохлов,m
Фадеев,m
Молчанов,m
Игнатов,m
Литвинов,m
Ершов,m
Ушаков,m
Дементьев,m
Рябов,m
Мухин,m
Калашников,m
Леонтьев,m
Лобанов,m
Кузин,m
Корнеев,m
Евдокимов,m
Бородин,m
Платонов,m
Некрасов,m
Балашов,m
Бобров,m
Жданов,m
Блинов,m
Игнатьев,m
Коротков,m
Муравьев,m
Крюков,m
Беляков,m
Богомолов,m
Дроздов,m
Лавров,m
Зуев,m
Петухов,m
Ларин,m
Никулин,m
Серов,m
Терентьев,m
Зотов,m
Устинов,m
Фокин,m
Самойлов,m
Константинов,m
Сахаров,m
Шишкин,m
Самсонов,m
Черкасов,m
Чистяков,m
Носов,m
Спиридонов,m
Карасев,m
Авдеев,m
Воронцов,m
Зверев,m
Владимиров,m
Селезнев,m
Нечаев,m
Кудряшов,m
Седов,m
Фирсов,m
Андрианов,m
Панин,m
Головин,m
Терехов,m
Ульянов,m
Шестаков,m
Агеев,m
Никонов,m
Селиванов,m
Баженов,m
Гордеев,m
Кожевников,m
Пахомов,m
Зимин,m
Костин,m
Широков,m
Филимонов,m
Ларионов,m
Овсянников,m
Сазонов,m
Суворов,m
Нефедов,m
Корнилов,m
Любимов,m
Львов,m
Горбачев,m
Копылов,m
Лукин,m
Токарев,m
Кулешов,m
Шилов,m
Большаков,m
Панкратов,m
Родин,m
Шаповалов,m
Бочаров,m
Маркин,m
Горелов,m
Агафонов,m
Березин,m
Ермолаев,m
Зубков,m
Куприянов,m
Трифонов,m
Масленников,m
Круглов,m
Третьяков,m
Колосов,m
Рожков,m
Артамонов,m
Шмелев,m
Лаптев,m
Лапшин,m
Федосеев,m
Зиновьев,m
Зорин,m
Уткин,m
Столяров,m
Зубов,m
Ткачев,m
Дорофеев,m
Антипов,m
Завьялов,m
Свиридов,m
Золотарев,m
Кулаков,m
Мещеряков,m
Макеев,m
Дьяконов,m
Гуляев,m
Бондарев,m
Поздняков,m
Панфилов,m
Кочетков,m
Суханов,m
Рыжов,m
Старостин,m
Калмыков,m
Колесов,m
Золотов,m
Кравцов,m
Субботин,m
Шубин,m
Щукин,m
Лосев,m
Винокуров,m
Лапин,m
Парфенов,m
Исаков,m
Голованов,m
Коровин,m
Розанов,m
Артемов,m
Козырев,m
Русаков,m
Алешин,m
Крючков,m
Булгаков,m
Кошелев,m
Сычев,m
Синицын,m
Черных,m
Рогов,m
Кононов,m
Лаврентьев,m
Евсеев,m
Пименов,m
Пантелеев,m
Горячев,m
Аникин,m
Лопатин,m
Рудаков,m
Одинцов,m
Серебряков,m
Панков,m
Дегтярев,m
Орехов,m
Царев,m
Шувалов,m
Кондрашов,m
Горюнов,m
Дубровин,m
Голиков,m
Курочкин,m
Латышев,m
Севастьянов,m
Вавилов,m
Ерофеев,m
Сальников,m
Клюев,m
Носков,m
Озеров,m
Кольцов,m
Комиссаров,m
Меркулов,m
Киреев,m
Хомяков,m
Булатов,m
Ананьев,m
Буров,m
Шапошников,m
Дружинин,m
Шевелев,m
Долгов,m
Суслов,m
Шевцов,m
Пастухов,m
Рубцов,m
Бычков,m
Глебов,m
Дьяков,m
Кочетов,m
Глухов,m
Дубов,m
Бессонов,m
Ситников,m
Астафьев,m
Мешков,m
Шаров,m
Яшин,m
Туманов,m
Басов,m
Корчагин,m
Болдырев,m
Олейников,m
Чумаков,m
Фомичев,m
Губанов,m
Дубинин,m
Шульгин,m
Касаткин,m
Пирогов,m
Семин,m
Трошин,m
Горохов,m
Стариков,m
Щеглов,m
Фетисов,m
Колпаков,m
Чесноков,m
Зыков,m
Верещагин,m
Минаев,m
Руднев,m
Окулов,m
Ширяев,m
Малинин,m
Черепанов,m
Измайлов,m
Алехин,m
Зеленин,m
Касьянов,m
Пугачев,m
Чижов,m
Кондратов,m
Воронков,m
Капустин,m
Сотников,m
Демьянов,m
Косарев,m
Беликов,m
Сухарев,m
Белкин,m
Беспалов,m
Кулагин,m
Жаров,m
Хромов,m
Еремеев,m
Карташов,m
Астахов,m
Русанов,m
Сухов,m
Вешняков,m
Волошин,m
Козин,m
Худяков,m
Жилин,m
Малахов,m
Сизов,m
Ежов,m
Толкачев,m
Анохин,m
Вдовин,m
Бабушкин,m
Усов,m
Лыков,m
Горлов,m
Коршунов,m
Маркелов,m
Постников,m
Дорохов,m
Свешников,m
Гущин,m
Калугин,m
Блохин,m
Сурков,m
Кочергин,m
Греков,m
Казанцев,m
Швецов,m
Ермилов,m
Парамонов,m
Агапов,m
Минин,m
Корнев,m
Черняев,m
Гуров,m
Ермолов,m
Сомов,m
Добрынин,m
Барсуков,m
Глушков,m
Чеботарев,m
Москвин,m
Уваров,m
Безруков,m
Муратов,m
Раков,m
Снегирев,m
Гладков,m
Злобин,m
Моргунов,m
Поликарпов,m
Рябинин,m
Судаков,m
Кукушкин,m
Калачев,m
Грибов,m
Елизаров,m
Звягинцев,m
Корольков,m
Федосов,m
Иванова,f
Смирнова,f
Кузнецова,f
Попова,f
Васильева,f
Петрова,f
Соколова,f
Михайлова,f
Новикова,f
Федорова,f
Морозова,f
Волкова,f
Алексеева,f
Лебедева,f
Семенова,f
Егорова,f
Павлова,f
Козлова,f
Степанова,f
Николаева,f
Орлова,f
Андреева,f
Макарова,f
Никитина,f
Захарова,f
Зайцева,f
Соловьева,f
Борисова,f
Яковлева,f
Григорьева,f
Романова,f
Воробьева,f
Сергеева,f
Кузьмина,f
Фролова,f
Александрова,f
Дмитриева,f
Королева,f
Гусева,f
Киселева,f
Ильина,f
Максимова,f
Полякова,f
Сорокина,f
Виноградова,f
Ковалева,f
Белова,f
Медведева,f
Антонова,f
Тарасова,f
Жукова,f
Баранова,f
Филиппова,f
Комарова,f
Давыдова,f
Беляева,f
Герасимова,f
Богданова,f
Осипова,f
Сидорова,f
Матвеева,f
Титова,f
Маркова,f
Миронова,f
Крылова,f
Куликова,f
Карпова,f
Власова,f
Мельникова,f
Денисова,f
Гаврилова,f
Тихонова,f
Казакова,f
Афанасьева,f
Данилова,f
Савельева,f
Тимофеева,f
Фомина,f
Чернова,f
Абрамова,f
Мартынова,f
Ефимова,f
Федотова,f
Щербакова,f
Назарова,f
Калинина,f
Исаева,f
Чернышева,f
Быкова,f
Маслова,f
Родионова,f
Коновалова,f
Лазарева,f
Воронина,f
Климова,f
Филатова,f
Пономарева,f
Голубева,f
Кудрявцева,f
Прохорова,f
Наумова,f
Потапова,f
Журавлева,f
Овчинникова,f
Трофимова,f
Леонова,f
Соболева,f
Ермакова,f
Колесникова,f
Гончарова,f
Емельянова,f
Никифорова,f
Грачева,f
Котова,f
Гришина,f
Ефремова,f
Архипова,f
Громова,f
Кириллова,f
Малышева,f
Панова,f
Моисеева,f
Румянцева,f
Акимова,f
Кондратьева,f
Бирюкова,f
Горбунова,f
Анисимова,f
Еремина,f
Тихомирова,f
Галкина,f
Лукьянова,f
Михеева,f
Скворцова,f
Юдина,f
Белоусова,f
Нестерова,f
Симонова,f
Прокофьева,f
Харитонова,f
Князева,f
Цветкова,f
Левина,f
Митрофанова,f
Воронова,f
Аксенова,f
Софронова,f
Мальцева,f
Логинова,f
Горшкова,f
Савина,f
Краснова,f
Майорова,f
Демидова,f
Елисеева,f
Рыбакова,f
Сафонова,f
Плотникова,f
Демина,f
Хохлова,f
Фадеева,f
Молчанова,f
Игнатова,f
Литвинова,f
Ершова,f
Ушакова,f
Дементьева,f
Рябова,f
Мухина,f
Калашникова,f
Леонтьева,f
Лобанова,f
Кузина,f
Корнеева,f
Евдокимова,f
Бородина,f
Платонова,f
Некрасова,f
Балашова,f
Боброва,f
Жданова,f
Блинова,f
Игнатьева,f
Короткова,f
Муравьева,f
Крюкова,f
Белякова,f
Богомолова,f
Дроздова,f
Лаврова,f
Зуева,f
Петухова,f
Ларина,f
Никулина,f
Серова,f
Терентьева,f
Зотова,f
Устинова,f
Фокина,f
Самойлова,f
Константинова,f
Сахарова,f
Шишкина,f
Самсонова,f
Черкасова,f
Чистякова,f
Носова,f
Спиридонова,f
Карасева,f
Авдеева,f
Воронцова,f
Зверева,f
Владимирова,f
Селезнева,f
Нечаева,f
Кудряшова,f
Седова,f
Фирсова,f
Андрианова,f
Панина,f
Головина,f
Терехова,f
Ульянова,f
Шестакова,f
Агеева,f
Никонова,f
Селиванова,f
Баженова,f
Гордеева,f
Кожевникова,f
Пахомова,f
Зимина,f
Костина,f
Широкова,f
Филимонова,f
Ларионова,f
Овсянникова,f
Сазонова,f
Суворова,f
Нефедова,f
Корнилова,f
Любимова,f
Львова,f
Горбачева,f
Копылова,f
Лукина,f
Токарева,f
Кулешова,f
Шилова,f
Большакова,f
Панкратова,f
Родина,f
Шаповалова,f
Бочарова,f
Маркина,f
Горелова,f
Агафонова,f
Березина,f
Ермолаева,f
Зубкова,f
Куприянова,f
Трифонова,f
Масленникова,f
Круглова,f
Третьякова,f
Колосова,f
Рожкова,f
Артамонова,f
Шмелева,f
Лаптева,f
Лапшина,f
Федосеева,f
Зиновьева,f
Зорина,f
Уткина,f
Столярова,f
Зубова,f
Ткачева,f
Дорофеева,f
Антипова,f
Завьялова,f
Свиридова,f
Золотарева,f
Кулакова,f
Мещерякова,f
Макеева,f
Дьяконова,f
Гуляева,f
Бондарева,f
Позднякова,f
Панфилова,f
Кочеткова,f
Суханова,f
Рыжова,f
Старостина,f
Калмыкова,f
Колесова,f
Золотова,f
Кравцова,f
Субботина,f
Шубина,f
Щукина,f
Лосева,f
Винокурова,f
Лапина,f
Парфенова,f
Исакова,f
Голованова,f
Коровина,f
Розанова,f
Артемова,f
Козырева,f
Русакова,f
Алешина,f
Крючкова,f
Булгакова,f
Кошелева,f
Сычева,f
Синицына,f
Черныха,f
Рогова,f
Кононова,f
Лаврентьева,f
Евсеева,f
Пименова,f
Пантелеева,f
Горячева,f
Аникина,f
Лопатина,f
Рудакова,f
Одинцова,f
Серебрякова,f
Панкова,f
Дегтярева,f
Орехова,f
Царева,f
Шувалова,f
Кондрашова,f
Горюнова,f
Дубровина,f
Голикова,f
Курочкина,f
Латышева,f
Севастьянова,f
Вавилова,f
Ерофеева,f
Сальникова,f
Клюева,f
Носкова,f
Озерова,f
Кольцова,f
Комиссарова,f
Меркулова,f
Киреева,f
Хомякова,f
Булатова,f
Ананьева,f
Бурова,f
Шапошникова,f
Дружинина,f
Шевелева,f
Долгова,f
Суслова,f
Шевцова,f
Пастухова,f
Рубцова,f
Бычкова,f
Глебова,f
Дьякова,f
Кочетова,f
Глухова,f
Дубова,f
Бессонова,f
Ситникова,f
Астафьева,f
Мешкова,f
Шарова,f
Яшина,f
Туманова,f
Басова,f
Корчагина,f
Болдырева,f
Олейникова,f
Чумакова,f
Фомичева,f
Губанова,f
Дубинина,f
Шульгина,f
Касаткина,f
Пирогова,f
Семина,f
Трошина,f
Горохова,f
Старикова,f
Щеглова,f
Фетисова,f
Колпакова,f
Чеснокова,f
Зыкова,f
Верещагина,f
Минаева,f
Руднева,f
Окулова,f
Ширяева,f
Малинина,f
Черепанова,f
Измайлова,f
Алехина,f
Зеленина,f
Касьянова,f
Пугачева,f
Чижова,f
Кондратова,f
Воронкова,f
Капустина,f
Сотникова,f
Демьянова,f
Косарева,f
Беликова,f
Сухарева,f
Белкина,f
Беспалова,f
Кулагина,f
Жарова,f
Хромова,f
Еремеева,f
Карташова,f
Астахова,f
Русанова,f
Сухова,f
Вешнякова,f
Волошина,f
Козина,f
Худякова,f
Жилина,f
Малахова,f
Сизова,f
Ежова,f
Толкачева,f
Анохина,f
Вдовина,f
Бабушкина,f
Усова,f
Лыкова,f
Горлова,f
Коршунова,f
Маркелова,f
Постникова,f
Дорохова,f
Свешникова,f
Гущина,f
Калугина,f
Блохина,f
Суркова,f
Кочергина,f
Грекова,f
Казанцева,f
Швецова,f
Ермилова,f
Парамонова,f
Агапова,f
Минина,f
Корнева,f
Черняева,f
Гурова,f
Ермолова,f
Сомова,f
Добрынина,f
Барсукова,f
Глушкова,f
Чеботарева,f
Москвина,f
Уварова,f
Безрукова,f
Муратова,f
Ракова,f
Снегирева,f
Гладкова,f
Злобина,f
Моргунова,f
Поликарпова,f
Рябинина,f
Судакова,f
Кукушкина,f
Калачева,f
Грибова,f
Елизарова,f
Звягинцева,f
Королькова,f
Федосова,f
